{
    "PressRightOrLeft": "Press [<-] or [->] to select your gender",

    "PressGuide": "Rotate <-[A] [D]-> | Cameras [W] or [S]",

    //New Update

    "CommandHat": "hat",
    "CommandEyeWear": "eyewear",
    "CommandMask": "mask",
    "CommandNeckWear": "neckwear",
    "CommandNeckTies": "neckties",
    "CommandShirt": "shirt",
    "CommandSuspender": "suspender",
    "CommandVest": "vest",
    "CommandCoat": "coat",
    "CommandPoncho": "poncho",
    "CommandCloak": "cloack",
    "CommandGlove": "glove",
    "CommandRings": "rings",
    "CommandBracelet": "bracelet",
    "CommandBelt": "belt",
    "CommandBuckle": "buckle",
    "CommandPant": "pant",
    "CommandSkirt": "faskirtlda",
    "CommandChap": "chap",
    "CommandBoots": "boots",
    "CommandSpurs": "spurs",
    "CommandUndress": "undress",
    "CommandDress": "dress",

    "Scale": "Height #",
    "ScaleList": "Character Height",
    "ScaleDesc": "Adjust the height (we recommend choosing this as your final option or you will not be able to see the cameras well)",

    "EyeBrows": "Eyebrows #",
    "EyeBrowsList": "Type of Eyebrows",
    "EyeBrowsDesc": "Eyebrows form",

    "Scars": "Scar #",
    "ScarsList": "Types of Scars",
    "ScarsDesc": "Add Scars",

    "Spots": "Spots #",
    "SpotsList": "Types of Spots",
    "SpotsDesc": "Solar Spots",

    "Disc": "Petechiae #",
    "DiscList": "Types of Petechiae",
    "DiscDesc": "Red stains on the face (because of the age)",

    "Complex": "Complexion #",
    "ComplexList": "Types of Complexion",
    "ComplexDesc": "Solar burns",

    "Acne": "Acne #",
    "AcneList": "Types of Acne",
    "AcneDesc": "Add Acne to the face",

    "Ageing": "Ageing #",
    "AgeingList": "Types of Ageing",
    "AgeingDesc": "Face Ageing",

    "Moles": "Moles #",
    "MolesList": "Types of Moles",
    "MolesDesc": "Add Moles",

    "Freckles": "Freckles #",
    "FrecklesList": "Types of Freckles",
    "FrecklesDesc": "Add Freckles",

    "Grimes": "Grime #",
    "GrimesList": "Types of Grime",
    "GrimesDesc": "Add grime or dirt",

    "Lipsticks": "Lipstick #",
    "LipsticksList": "Types of Lipstick",
    "LipsticksDesc": "Add Makeup",

    "LipsticksColors": "Color #",
    "LipsticksColorsList": "Base Lipstick Color",
    "LipsticksColorsDesc": "Add Makeup",

    "LipsticksPColors": "Color #",
    "LipsticksPColorsList": "Mixed Lipstick Color",
    "LipsticksPColorsDesc": "Add Makeup",

    "Shadows": "Eyeshadow #",
    "ShadowsList": "Types of Eyeshadow",
    "ShadowsDesc": "Add Makeup",

    "ShadowsColors": "Color #",
    "ShadowsColorsList": "Base Eyeshadow Color",
    "ShadowsColorsDesc": "Add Makeup",

    "ShadowsPColors": "Color #",
    "ShadowsPColorsList": "Mixed Eyeshadow Color",
    "ShadowsPColorsDesc": "Add Makeup",

    "Eyes": "Eyes #",
    "EyesList": "Types of Eyes",
    "EyesDesc": "Change the eye color",

    //Input Name 
    "PlaceHolderInputName": "Write the first name and last name of your character",
    "ButtonInputName": "Confirm",
    "InputError": "You must have a name longer than 3 letters",

    //Body
    "TitleMainMenu": "Character Editor",
    "SubTitleMainMenu": "Customize your character",
    "FinishBtnMainMenu": "Finish and Safe",
    "SubFinishBtnMainMenu": "Finish character creation.",

    "TitleClothesMenu": "Dressing room",
    "SubTitleClothesMenu": "Dress up your character",

    "TitleFaceMenu": "Customize face",
    "SubTitleFaceMenu": "Customize your characters face",

    "TitleSkinMenu": "Customize Skin",
    "SubTitleSkinMenu": "Customize your characters body",

    "TitleImportMenu": "Import Skin",
    "SubTitleImportMenu": "If you have played in another server that uses VORP Core you will be able to import your skin.",

    "LegsValues": "Legs #",
    "TorsoValues": "Torso #",
    "FaceValues": "Face #",
    "MaskValue": "Face Mask #",
    "BodyColorValues": "Colour #",
    "TypeValues": "Type #",
    "BeardValue": "Beard #",
    "HairValue": "Hair #",
    "BodySizeValue": "Body #",
    "WaistValue": "Waist #",
    "NoExistValue": "Does not exist",

    "LegsType": "Type of legs",
    "TorsoType": "Type of torso",
    "FaceType": "Type of face",
    "BodyColor": "Body colour",
    "FaceSize": "Face size",
    "EyebrowHeight": "Eyebrow height",
    "EyebrowWidth": "Eyebrow width",
    "EyebrowDepth": "Eyebrow depth",
    "EarsHeight": "Ears height",
    "EarsAngle": "Ears inclination",
    "EarsSize": "Ears size",
    "EarsLobeSize": "Earlobe size",
    "EyelidsHeight": "Eyelids height",
    "EyelidsWidth": "Eyelids width",
    "EyeDepth": "Eye depth",
    "EyeAngle": "Eye inclination",
    "EyeSeparation": "Eye separation",
    "EyeHeight": "Eye height",
    "NoseWidth": "Nose width",
    "NoseSize": "Nose size",
    "NoseHeight": "Nose height",
    "NoseAngle": "Nose inclination",
    "NoseCurvature": "Nose curvature",
    "NostrilsSeparation": "Nostrils separation",
    "CheekbonesHeight": "Cheekbones height",
    "CheekbonesWidth": "Cheekbones width",
    "CheekbonesDepth": "Cheekbones depth",
    "MouthWidth": "Mouth width",
    "MouthDepth": "Mouth depth",
    "MouthDeviation": "Mouth deviation",
    "MouthHeight": "Mouth height",
    "UpperLipHeight": "Upper lip height",
    "UpperLipWidth": "Upper lip width",
    "UpperLipDepth": "Upper lip depth",
    "LowerLipHeight": "Lower lip height",
    "LowerLipWidth": "Lower lip width",
    "LowerLipDepth": "Lower lip depth",
    "MandibleHeight": "Mandible height",
    "MandibleWidth": "Mandible width",
    "MandibleDepth": "Mandible depth",
    "ChinHeight": "Chin height",
    "ChinWidth": "Chin width",
    "ChinDepth": "Chin depth",
    "BeardType": "Type of beard",
    "HairType": "Type of hair",
    "BodyType": "Type of body",
    "WaistType": "Type of waist",
    "Confirm": "Confirm",

    ///Descriptions of the body Menu sections
    "LegsTypeDesc": "Choose the type of legs",
    "TorsoTypeDesc": "Choose the type of torso",
    "FaceTypeDesc": "Choose the type of face",
    "BodyColorDesc": "Choose your body colour",
    "FaceSizeDesc": "Choose the face size",
    "EyebrowHeightDesc": "Choose the eyebrow height",
    "EyebrowWidthDesc": "Choose the eyebrow width",
    "EyebrowDepthDesc": "Choose the eyebrow depth",
    "EarsHeightDesc": "Choose the ears height",
    "EarsAngleDesc": "Choose the ears inclination",
    "EarsSizeDesc": "Choose the ears size",
    "EarsLobeSizeDesc": "Choose the earlobe size",
    "EyelidsHeightDesc": "Choose the earlids height",
    "EyelidsWidthDesc": "Choose the earlids width",
    "EyeDepthDesc": "Choose the eyes depth",
    "EyeAngleDesc": "Choose the eyes inclination",
    "EyeSeparationDesc": "Choose the eyes separation",
    "EyeHeightDesc": "Choose the eyes height",
    "NoseWidthDesc": "Choose the Nose width",
    "NoseSizeDesc": "Choose the Nose size",
    "NoseHeigthDesc": "Choose the Nose height",
    "NoseAngleDesc": "Choose the Nose inclination",
    "NoseCurvatureDesc": "Choose the Nose curvature",
    "NostrilsSeparationDesc": "Choose the nostrils separation",
    "CheekbonesHeightDesc": "Choose the cheekbones height",
    "CheekbonesWidthDesc": "Choose the cheekbones width",
    "CheekbonesDepthDesc": "Choose the cheekbones depth",
    "MouthWidthDesc": "Choose the mouth width",
    "MouthDepthDesc": "Choose the mouth depth",
    "MouthDeviationDesc": "Choose the mouth deviation",
    "MouthHeightDesc": "Choose the mouth height",
    "UpperLipHeightDesc": "Choose the upper lip height",
    "UpperLipWidthDesc": "Choose the upper lip width",
    "UpperLipDepthDesc": "Choose the upper lip depth",
    "LowerLipHeightDesc": "Choose the lower lip height",
    "LowerLipWidthDesc": "Choose the lower lip width",
    "LowerLipDepthDesc": "Choose the lower lip depth",
    "MandibleHeightDesc": "Choose the mandible height",
    "MandibleWidthDesc": "Choose the mandible width",
    "MandibleDepthDesc": "Choose the mandible depth",
    "ChinHeightDesc": "Choose the chin height",
    "ChinWidthDesc": "Choose the chin width",
    "ChinDepthDesc": "Choose the chin depth",
    "BeardTypeDesc": "Choose the beard",
    "HairTypeDesc": "Choose the hair",
    "BodyTypeDesc": "Choose the body type",
    "WaistTypeDesc": "Choose the waist",
    "ConfirmDesc": "Time to dress up, you will be able to return to this section if you want to change something",

    //Ropa
    "TitleMenuClothes": "Dressing room", // Menu Tittle
    "SubTitleMenuClothes": "Dress up your character", // Menu Description

    "HatsValue": "Hat #", // The options of the hats section
    "GlassesValue": "Glasses #", // The options of the glasses section
    "NeckwearValue": "Garment #", // The options of the neckwear section
    "TiesValue": "Tie #", // The options of the ties section
    "ShirtsValue": "Shirt #", // The options of the shirts section
    "SuspendersValue": "Suspenders #", // The options of the suspenders section
    "VestsValue": "Vest #", // The options of the vests section
    "CoatsValue": "Coat #", // The options of the coats section
    "PonchosValue": "Poncho #", // The options of the ponchos section
    "CloaksValue": "Cap #", // The options of the cloaks section
    "GlovesValue": "Gloves #", // The options of the gloves section
    "RingsValue": "Ring #", // The options of the rings section
    "BraceletsValue": "Bracelet #", // The options of the bracelets section
    "HolstersValue": "Holster #", // The options of the holsters section
    "BeltsValue": "Belt #", // The options of the belts section
    "BucklesValue": "Buckle #", // The options of the buckles section
    "PantsValue": "Pants #", // The options of the pants section
    "SkirtsValue": "Falda #", // The options of the skirts section
    "ChapsValue": "Chaps #", // The options of the chaps section
    "BootsValue": "Boots #", // The options of the boots section
    "SpursValue": "Spurs #", // The options of the spurs section
    "NoHatsValue": "Without a Hat", // The option it gives when you do not wear a hat
    "NoGlassesValue": "Without Glasses", // The option it gives when you do not wear glasses
    "NoNeckwearValue": "Without Neckwear", // The option it gives when you do not wear neckwear
    "NoTiesValue": "Without a Tie", // The option it gives when you do not wear a tie
    "NoShirtsValue": "Without a Shirt", // The option it gives when you do not wear a shirt
    "NoSuspendersValue": "Without Suspenders", // The option it gives when you do not wear suspenders
    "NoVestsValue": "Without a Vest", // The option it gives when you do not wear a vest
    "NoCoatsValue": "Without a Coat", // The option it gives when you do not wear a coat
    "NoPonchosValue": "Without a Poncho", // The option it gives when you do not wear a poncho
    "NoCloaksValue": "Without a Cloak", // The option it gives when you do not wear a cloak
    "NoGlovesValue": "Without Gloves", // The option it gives when you do not wear gloves
    "NoRingsValue": "Without a Ring", // The option it gives when you do not wear a ring
    "NoBraceletsValue": "Without a Bracelet", // The option it gives when you do not wear a bracelet
    "NoHolstersValue": "Without a Holster", // The option it gives when you do not wear a holster
    "NoBeltsValue": "Without a Belt", // The option it gives when you do not wear a belt
    "NoBucklesValue": "Without a Buckle", // The option it gives when you do not wear a buckle
    "NoPantsValue": "Without Pants", // The option it gives when you do not wear pants
    "NoSkirtsValue": "Without a Skirt", // The option it gives when you do not wear a skirt
    "NoChapsValue": "Without Chaps", // The option it gives when you do not wear chaps
    "NoBootsValue": "Without Boots", // The option it gives when you do not wear boots
    "NoSpursValue": "Without Spurs", // The option it gives when you do not wear spurs
    "NoMaskValue": "Without Face Mask", // The option it gives when you do not wear a face mask

    "Hats": "Hats",
    "Glasses": "Glasses",
    "Masks": "Face Masks",
    "Neckwear": "Neckwear",
    "Ties": "Ties",
    "Shirts": "Shirts",
    "Suspenders": "Suspenders",
    "Vests": "Vests",
    "Coats": "Coats",
    "Ponchos": "Ponchos",
    "Cloaks": "Cloaks",
    "Gloves": "Gloves",
    "RightRings": "Right hand rings",
    "LeftRings": "Left hand rings",
    "Bracelets": "Bracelets",
    "PrimaryHolsters": "Primary holsters",
    "Belts": "Belts",
    "Buckles": "Buckles",
    "SecondaryHolsters": "Secondary holsters",
    "Pants": "Pants",
    "Skirts": "Skirts",
    "Chaps": "Chaps",
    "Boots": "Boots",
    "Spurs": "Spurs",

    "Finish": "Dress up character", // Confirms the options of the Menu

    // Descriptions of the Clothing Menu
    "HatsDesc": "Choose the hat",
    "GlassesDesc": "Choose the glasses",
    "MasksDesc": "Choose the mask if you want to wear one",
    "NeckwearDesc": "Choose the neckwear",
    "TiesDesc": "Choose the tie",
    "ShirtsDesc": "Choose the shirt",
    "SuspendersDesc": "Choose the suspenders",
    "VestsDesc": "Choose the vest",
    "CoatsDesc": "Choose the coat",
    "PonchosDesc": "Choose the poncho",
    "CloaksDesc": "Choose the cloak",
    "GlovesDesc": "Choose the gloves",
    "RightRingsDesc": "Choose the right hand rings",
    "LeftRingsDesc": "Choose the left hand rings",
    "BraceletsDesc": "Choose the bracelet",
    "PrimaryHolstersDesc": "Choose the primary holster",
    "BeltsDesc": "Choose the belt",
    "BucklesDesc": "Choose the buckle",
    "SecondaryHolstersDesc": "Choose the secondary holster",
    "PantsDesc": "Choose the pants",
    "SkirtsDesc": "Choose the skirt",
    "ChapsDesc": "Choose the chaps",
    "BootsDesc": "Choose the boots",
    "SpursDesc": "Choose the spurs",
    "FinishDesc": "Make sure you have everything chosen as you want, you will have to go to a clothing store in order to change your clothes",
    "TipFinal": "Welcome to VORP CORE, we hope that your stay is the most entertaining, please remember not to jump off the hot air balloon and enjoy the views"
}